Workbook

Sheet FARB 2026
A1: FARB 2026 — Ripartizione dei fondi
A2: Dipartimento di Scienze del Patrimonio Culturale · criteri del Regolamento FARB di Dipartimento
A3: Numeri in blu = dati da inserire (menu «si»/«no», pesi 0,1 · 0,4 · 0,7 · 1, Ricercatori e silenti nel foglio «Ricercatori»). Ogni indicatore ha accanto la sua quota, dello stesso colore. Tutto il resto si calcola da solo.
B5: Totale finanziamento 2026 | E5: 122438
B7: Voce | D7: % | E7: Importo | F7: Base di calcolo | G7: Quota unitaria | H7: Si divide per
B8: FARB DiSPaC | D8: 0.1 | E8: =$E$5*D8 -> 12243.8 | F8: — | H8: quota fissa
B9: C1 · Rilievo scientifico | D9: 0.4 | E9: =$E$5*D9 -> 48975.2 | F9: =SUMIF($F$17:$F$48,"si",$E$17:$E$48) -> 58 | G9: =IF(F9=0,0,E9/F9) -> 844.4 | H9: ricercatore non silente
B10: C2 · Produzione scientifica | D10: 0.1 | E10: =$E$5*D10 -> 12243.8 | F10: =SUMIF($F$17:$F$48,"si",$H$17:$H$48) -> 22.7 | G10: =IF(F10=0,0,E10/F10) -> 539.37445 | H10: punto di peso
B11: C3 · Esigenze strategiche | D11: 0.25 | E11: =$E$5*D11 -> 30609.5 | F11: =COUNTIF($J$17:$J$48,"si") -> 31 | G11: =IF(F11=0,0,E11/F11) -> 987.40323 | H11: progetto con «si»
B12: C4 · Aggregazione (≥3 docenti) | D12: 0.1 | E12: =$E$5*D12 -> 12243.8 | F12: =COUNTIF($L$17:$L$48,"si") -> 16 | G12: =IF(F12=0,0,E12/F12) -> 765.2375 | H12: progetto con «si»
B13: C5 · Partecipazione (≥80%) | D13: 0.05 | E13: =$E$5*D13 -> 6121.9 | F13: =COUNTIF($N$17:$N$48,"si") -> 20 | G13: =IF(F13=0,0,E13/F13) -> 306.095 | H13: progetto con «si»
B14: =IF(ROUND(SUM(D8:D13),6)=1,"✓ Le percentuali sommano a 100%","⚠ Le percentuali NON sommano a 100%") -> ✓ Le percentuali sommano a 100%
A16: N. | B16: Docente proponente | C16: Gruppo di ricerca / % partecipazione | D16: Destinazione | E16: Quote C1 (n.) | F16: C1 | G16: Quota C1 | H16: C2 peso | I16: Quota C2 | J16: C3 | K16: Quota C3 | L16: C4 | M16: Quota C4 | N16: C5 | O16: Quota C5 | P16: TOTALE
A17: 1 | B17: Adorno | C17: 95% | D17: Docente | E17: =COUNTIFS(Ricercatori!$E$5:$E$62,B17,Ricercatori!$D$5:$D$62,"no") -> 1 | F17: si | G17: =IF(F17="si",$G$9*E17,0) -> 844.4 | H17: 1 | I17: =IF(F17="si",$G$10*H17,0) -> 539.37445 | J17: si | K17: =IF(J17="si",$G$11,0) -> 987.40323 | L17: no | M17: =IF(L17="si",$G$12,0) -> 0 | N17: si | O17: =IF(N17="si",$G$13,0) -> 306.095 | P17: =G17+I17+K17+M17+O17 -> 2677.2727
A18: 2 | B18: Adriano Amendola | C18: Amendola 70% Vaccaro 10% Ricco 10% | D18: Docente | E18: =COUNTIFS(Ricercatori!$E$5:$E$62,B18,Ricercatori!$D$5:$D$62,"no") -> 1 | F18: si | G18: =IF(F18="si",$G$9*E18,0) -> 844.4 | H18: 0.7 | I18: =IF(F18="si",$G$10*H18,0) -> 377.56211 | J18: si | K18: =IF(J18="si",$G$11,0) -> 987.40323 | L18: si | M18: =IF(L18="si",$G$12,0) -> 765.2375 | N18: no | O18: =IF(N18="si",$G$13,0) -> 0 | P18: =G18+I18+K18+M18+O18 -> 2974.6028
A19: 3 | B19: Angrisano | C19: Angrisano 80% Mocchi 10% | D19: Docente | E19: =COUNTIFS(Ricercatori!$E$5:$E$62,B19,Ricercatori!$D$5:$D$62,"no") -> 1 | F19: si | G19: =IF(F19="si",$G$9*E19,0) -> 844.4 | H19: 0.7 | I19: =IF(F19="si",$G$10*H19,0) -> 377.56211 | J19: si | K19: =IF(J19="si",$G$11,0) -> 987.40323 | L19: no | M19: =IF(L19="si",$G$12,0) -> 0 | N19: no | O19: =IF(N19="si",$G$13,0) -> 0 | P19: =G19+I19+K19+M19+O19 -> 2209.3653
A20: 4 | B20: Bilotta | C20: Bilotta 80% Vaccaro 5% | D20: Docente | E20: =COUNTIFS(Ricercatori!$E$5:$E$62,B20,Ricercatori!$D$5:$D$62,"no") -> 1 | F20: si | G20: =IF(F20="si",$G$9*E20,0) -> 844.4 | H20: 0.7 | I20: =IF(F20="si",$G$10*H20,0) -> 377.56211 | J20: si | K20: =IF(J20="si",$G$11,0) -> 987.40323 | L20: no | M20: =IF(L20="si",$G$12,0) -> 0 | N20: no | O20: =IF(N20="si",$G$13,0) -> 0 | P20: =G20+I20+K20+M20+O20 -> 2209.3653
A21: 5 | B21: Cammarota | C21: 90% Cammarota 80% Cantillo. 90% Lo Casto 90% Tarantino 92% Tomatis | D21: Docente | E21: =COUNTIFS(Ricercatori!$E$5:$E$62,B21,Ricercatori!$D$5:$D$62,"no") -> 5 | F21: si | G21: =IF(F21="si",$G$9*E21,0) -> 4222 | H21: 0.7 | I21: =IF(F21="si",$G$10*H21,0) -> 377.56211 | J21: si | K21: =IF(J21="si",$G$11,0) -> 987.40323 | L21: si | M21: =IF(L21="si",$G$12,0) -> 765.2375 | N21: si | O21: =IF(N21="si",$G$13,0) -> 306.095 | P21: =G21+I21+K21+M21+O21 -> 6658.2978
A22: 6 | B22: Capriolo | C22: 80% | D22: Docente | E22: =COUNTIFS(Ricercatori!$E$5:$E$62,B22,Ricercatori!$D$5:$D$62,"no") -> 1 | F22: si | G22: =IF(F22="si",$G$9*E22,0) -> 844.4 | H22: 0.7 | I22: =IF(F22="si",$G$10*H22,0) -> 377.56211 | J22: si | K22: =IF(J22="si",$G$11,0) -> 987.40323 | L22: no | M22: =IF(L22="si",$G$12,0) -> 0 | N22: si | O22: =IF(N22="si",$G$13,0) -> 306.095 | P22: =G22+I22+K22+M22+O22 -> 2515.4603
A23: 7 | B23: Dell’Acqua | C23: 90% | D23: Docente | E23: =COUNTIFS(Ricercatori!$E$5:$E$62,B23,Ricercatori!$D$5:$D$62,"no") -> 1 | F23: si | G23: =IF(F23="si",$G$9*E23,0) -> 844.4 | H23: 0.7 | I23: =IF(F23="si",$G$10*H23,0) -> 377.56211 | J23: si | K23: =IF(J23="si",$G$11,0) -> 987.40323 | L23: no | M23: =IF(L23="si",$G$12,0) -> 0 | N23: si | O23: =IF(N23="si",$G$13,0) -> 306.095 | P23: =G23+I23+K23+M23+O23 -> 2515.4603
A24: 8 | B24: Fiorillo | C24: 85% Fiorillo (esterno 5% Gagliardi) | D24: Docente | E24: =COUNTIFS(Ricercatori!$E$5:$E$62,B24,Ricercatori!$D$5:$D$62,"no") -> 1 | F24: si | G24: =IF(F24="si",$G$9*E24,0) -> 844.4 | H24: 0.7 | I24: =IF(F24="si",$G$10*H24,0) -> 377.56211 | J24: si | K24: =IF(J24="si",$G$11,0) -> 987.40323 | L24: no | M24: =IF(L24="si",$G$12,0) -> 0 | N24: si | O24: =IF(N24="si",$G$13,0) -> 306.095 | P24: =G24+I24+K24+M24+O24 -> 2515.4603
A25: 9 | B25: Galdi | C25: 80% | D25: Docente | E25: =COUNTIFS(Ricercatori!$E$5:$E$62,B25,Ricercatori!$D$5:$D$62,"no") -> 1 | F25: si | G25: =IF(F25="si",$G$9*E25,0) -> 844.4 | H25: 0.7 | I25: =IF(F25="si",$G$10*H25,0) -> 377.56211 | J25: si | K25: =IF(J25="si",$G$11,0) -> 987.40323 | L25: no | M25: =IF(L25="si",$G$12,0) -> 0 | N25: si | O25: =IF(N25="si",$G$13,0) -> 306.095 | P25: =G25+I25+K25+M25+O25 -> 2515.4603
A26: 10 | B26: Gin | C26: 100% | D26: Docente | E26: =COUNTIFS(Ricercatori!$E$5:$E$62,B26,Ricercatori!$D$5:$D$62,"no") -> 1 | F26: si | G26: =IF(F26="si",$G$9*E26,0) -> 844.4 | H26: 1 | I26: =IF(F26="si",$G$10*H26,0) -> 539.37445 | J26: si | K26: =IF(J26="si",$G$11,0) -> 987.40323 | L26: no | M26: =IF(L26="si",$G$12,0) -> 0 | N26: si | O26: =IF(N26="si",$G$13,0) -> 306.095 | P26: =G26+I26+K26+M26+O26 -> 2677.2727
A27: 11 | B27: Gorrese | C27: Gorrese 90% Esposito 95% (esterno 5% Girelli) | D27: Docente | E27: =COUNTIFS(Ricercatori!$E$5:$E$62,B27,Ricercatori!$D$5:$D$62,"no") -> 2 | F27: si | G27: =IF(F27="si",$G$9*E27,0) -> 1688.8 | H27: 0.7 | I27: =IF(F27="si",$G$10*H27,0) -> 377.56211 | J27: si | K27: =IF(J27="si",$G$11,0) -> 987.40323 | L27: si | M27: =IF(L27="si",$G$12,0) -> 765.2375 | N27: si | O27: =IF(N27="si",$G$13,0) -> 306.095 | P27: =G27+I27+K27+M27+O27 -> 4125.0978
A28: 12 | B28: Lambert | C28: 80% | D28: Docente | E28: =COUNTIFS(Ricercatori!$E$5:$E$62,B28,Ricercatori!$D$5:$D$62,"no") -> 1 | F28: si | G28: =IF(F28="si",$G$9*E28,0) -> 844.4 | H28: 0.7 | I28: =IF(F28="si",$G$10*H28,0) -> 377.56211 | J28: si | K28: =IF(J28="si",$G$11,0) -> 987.40323 | L28: no | M28: =IF(L28="si",$G$12,0) -> 0 | N28: si | O28: =IF(N28="si",$G$13,0) -> 306.095 | P28: =G28+I28+K28+M28+O28 -> 2515.4603
... A48: 32 | B48: Santaniello | C48: Santaniello 70% Amodio 95% Trotta 35% | D48: FARB DiSPaC | E48: =COUNTIFS(Ricercatori!$E$5:$E$62,B48,Ricercatori!$D$5:$D$62,"no") -> 2 | F48: si | G48: =IF(F48="si",$G$9*E48,0) -> 1688.8 | H48: 0.7 | I48: =IF(F48="si",$G$10*H48,0) -> 377.56211 | J48: si | K48: =IF(J48="si",$G$11,0) -> 987.40323 | L48: si | M48: =IF(L48="si",$G$12,0) -> 765.2375 | N48: no | O48: =IF(N48="si",$G$13,0) -> 0 | P48: =G48+I48+K48+M48+O48 -> 3819.0028
B49: TOTALE | E49: =SUM(E17:E48) -> 58 | G49: =SUM(G17:G48) -> 48975.2 | I49: =SUM(I17:I48) -> 12243.8 | K49: =SUM(K17:K48) -> 30609.5 | M49: =SUM(M17:M48) -> 12243.8 | O49: =SUM(O17:O48) -> 6121.9 | P49: =SUM(P17:P48) -> 110194.2
B51: RIEPILOGO
B52: FARB DiSPaC · quota 10% | N52: =$E$8 -> 12243.8
B53: + progetti che confluiscono nel FARB DiSPaC | N53: =SUMIF($D$17:$D$48,"FARB DiSPaC",$P$17:$P$48) -> 6496.2755
N54: =N52+N53 -> 18740.076
B55: Assegnato ai docenti proponenti | N55: =SUMIF($D$17:$D$48,"Docente",$P$17:$P$48) -> 103697.92
B56: TOTALE RIPARTITO | N56: =N54+N55 -> 122438
B57: Differenza rispetto al finanziamento (deve essere 0) | N57: =ROUND(N56-$E$5,2) -> 0
B59: Nota C1: ogni ricercatore non silente del Dipartimento ha diritto a una sola quota, assegnata a un solo progetto (foglio «Ricercatori»); i componenti esterni sono esclusi.

Sheet Ricercatori
A1: Ricercatori del Dipartimento — una quota C1 ciascuno
A2: Ogni ricercatore non silente ha diritto a UNA sola quota C1, assegnata al progetto indicato in colonna E (di default: quello con la percentuale di partecipazione più alta). Celle gialle modificabili.
A4: N. | B4: Ricercatore | C4: Gruppi di ricerca (% partecipazione) | D4: Silente | E4: Quota C1 assegnata al progetto di | F4: Quota C1 | G4: Controllo
A5: 1 | B5: Adorno | C5: Adorno 95% | D5: no | E5: Adorno | F5: =IF(D5="no",'FARB 2026'!$G$9,0) -> 844.4 | G5: =IF(COUNTIF('FARB 2026'!$B$17:$B$48,E5)=0,"⚠ progetto non trovato","")
A6: 2 | B6: Amendola | C6: Adriano Amendola 70% · Ricco 10% · Vaccaro 10% | D6: no | E6: Adriano Amendola | F6: =IF(D6="no",'FARB 2026'!$G$9,0) -> 844.4 | G6: =IF(COUNTIF('FARB 2026'!$B$17:$B$48,E6)=0,"⚠ progetto non trovato","")
A7: 3 | B7: Vaccaro | C7: Adriano Amendola 10% · Bilotta 5% · Vaccaro 70% | D7: no | E7: Vaccaro | F7: =IF(D7="no",'FARB 2026'!$G$9,0) -> 844.4 | G7: =IF(COUNTIF('FARB 2026'!$B$17:$B$48,E7)=0,"⚠ progetto non trovato","")
A8: 4 | B8: Ricco | C8: Adriano Amendola 10% · Ricco 80% | D8: no | E8: Ricco | F8: =IF(D8="no",'FARB 2026'!$G$9,0) -> 844.4 | G8: =IF(COUNTIF('FARB 2026'!$B$17:$B$48,E8)=0,"⚠ progetto non trovato","")
A9: 5 | B9: Angrisano | C9: Angrisano 80% · Mocchi 10% | D9: no | E9: Angrisano | F9: =IF(D9="no",'FARB 2026'!$G$9,0) -> 844.4 | G9: =IF(COUNTIF('FARB 2026'!$B$17:$B$48,E9)=0,"⚠ progetto non trovato","")
A10: 6 | B10: Mocchi | C10: Angrisano 10% · Mocchi 80% | D10: no | E10: Mocchi | F10: =IF(D10="no",'FARB 2026'!$G$9,0) -> 844.4 | G10: =IF(COUNTIF('FARB 2026'!$B$17:$B$48,E10)=0,"⚠ progetto non trovato","")
A11: 7 | B11: Bilotta | C11: Bilotta 80% · Vaccaro 10% | D11: no | E11: Bilotta | F11: =IF(D11="no",'FARB 2026'!$G$9,0) -> 844.4 | G11: =IF(COUNTIF('FARB 2026'!$B$17:$B$48,E11)=0,"⚠ progetto non trovato","")
A12: 8 | B12: Cammarota | C12: Cammarota 90% | D12: no | E12: Cammarota | F12: =IF(D12="no",'FARB 2026'!$G$9,0) -> 844.4 | G12: =IF(COUNTIF('FARB 2026'!$B$17:$B$48,E12)=0,"⚠ progetto non trovato","")
A13: 9 | B13: Cantillo | C13: Cammarota 80% | D13: no | E13: Cammarota | F13: =IF(D13="no",'FARB 2026'!$G$9,0) -> 844.4 | G13: =IF(COUNTIF('FARB 2026'!$B$17:$B$48,E13)=0,"⚠ progetto non trovato","")
A14: 10 | B14: Lo Casto | C14: Cammarota 90% | D14: no | E14: Cammarota | F14: =IF(D14="no",'FARB 2026'!$G$9,0) -> 844.4 | G14: =IF(COUNTIF('FARB 2026'!$B$17:$B$48,E14)=0,"⚠ progetto non trovato","")
A15: 11 | B15: Tarantino | C15: Cammarota 90% | D15: no | E15: Cammarota | F15: =IF(D15="no",'FARB 2026'!$G$9,0) -> 844.4 | G15: =IF(COUNTIF('FARB 2026'!$B$17:$B$48,E15)=0,"⚠ progetto non trovato","")
A16: 12 | B16: Tomatis | C16: Cammarota 92% | D16: no | E16: Cammarota | F16: =IF(D16="no",'FARB 2026'!$G$9,0) -> 844.4 | G16: =IF(COUNTIF('FARB 2026'!$B$17:$B$48,E16)=0,"⚠ progetto non trovato","")
... A62: 58 | B62: Amodio | C62: Santaniello 95% | D62: no | E62: Santaniello | F62: =IF(D62="no",'FARB 2026'!$G$9,0) -> 844.4 | G62: =IF(COUNTIF('FARB 2026'!$B$17:$B$48,E62)=0,"⚠ progetto non trovato","")
B63: Ricercatori non silenti | D63: =COUNTIF(D5:D62,"no") -> 58 | E63: ="quote assegnate: "&SUM('FARB 2026'!$E$17:$E$48) -> quote assegnate: 58 | F63: =SUM(F5:F62) -> 48975.2
B65: In grassetto: ricercatori presenti in più gruppi.
