Workbook

Sheet Parametri
A1: FARB 2026 — Parametri di ripartizione
A3: Totale finanziamento 2026 | B3: 122438 | C3: Fonte: mail Commissione FARB (M. Passaro)
A5: Voce | B5: Percentuale | C5: Importo | D5: Regola (Regolamento FARB di Dipartimento)
A6: FARB DiSPaC | B6: 0.1 | C6: =$B$3*B6 | D6: Proposta dipartimentale (+ quote dei progetti che vi confluiscono)
A7: Criterio 1 – Rilievo scientifico | B7: 0.4 | C7: =$B$3*B7 | D7: Parti uguali a tutti i progetti con "si" (non silenti)
A8: Criterio 2 – Produzione scientifica | B8: 0.1 | C8: =$B$3*B8 | D8: Pro quota sul peso (0,1 / 0,4 / 0,7 / 1)
A9: Criterio 3 – Esigenze strategiche | B9: 0.25 | C9: =$B$3*B9 | D9: Parti uguali tra i progetti con "si"
A10: Criterio 4 – Aggregazione | B10: 0.1 | C10: =$B$3*B10 | D10: Parti uguali tra i progetti con "si" (≥3 docenti)
A11: Criterio 5 – Partecipazione ≥80% | B11: 0.05 | C11: =$B$3*B11 | D11: Parti uguali tra i progetti con "si"
A12: Totale | B12: =SUM(B6:B11) | C12: =SUM(C6:C11)
A13: Controllo (deve essere 0) | C13: =C12-B3

Sheet Calcolo
A1: Docente proponente | B1: C1 (si/no) | C1: C2 peso | D1: C3 (si/no) | E1: C4 (si/no) | F1: Composizione / % partecipazione | G1: Media % interni (verifica) | H1: C5 (si/no) | I1: Quota C1 | J1: Quota C2 | K1: Quota C3 | L1: Quota C4 | M1: Quota C5 | N1: TOTALE | O1: Destinazione | P1: Note
A2: Adorno | B2: si | C2: 1 | D2: si | E2: no | F2: 95% | G2: 0.95 | H2: si | I2: =IF(B2="si",Parametri!$C$7/COUNTIF($B$2:$B$33,"si"),0) | J2: =IF(B2="si",Parametri!$C$8*C2/SUMIF($B$2:$B$33,"si",$C$2:$C$33),0) | K2: =IF(D2="si",Parametri!$C$9/COUNTIF($D$2:$D$33,"si"),0) | L2: =IF(E2="si",Parametri!$C$10/COUNTIF($E$2:$E$33,"si"),0) | M2: =IF(H2="si",Parametri!$C$11/COUNTIF($H$2:$H$33,"si"),0) | N2: =SUM(I2:M2) | O2: Docente | P2: =IF(AND(H2="si",G2<0.8),"⚠ C5=si ma media <80%",IF(AND(H2="no",G2>=0.8),"⚠ C5=no ma media ≥80%",""))
A3: Adriano Amendola | B3: si | C3: 0.7 | D3: si | E3: si | F3: Amendola 70% Vaccaro 10% Ricco 10% | G3: 0.3 | H3: no | I3: =IF(B3="si",Parametri!$C$7/COUNTIF($B$2:$B$33,"si"),0) | J3: =IF(B3="si",Parametri!$C$8*C3/SUMIF($B$2:$B$33,"si",$C$2:$C$33),0) | K3: =IF(D3="si",Parametri!$C$9/COUNTIF($D$2:$D$33,"si"),0) | L3: =IF(E3="si",Parametri!$C$10/COUNTIF($E$2:$E$33,"si"),0) | M3: =IF(H3="si",Parametri!$C$11/COUNTIF($H$2:$H$33,"si"),0) | N3: =SUM(I3:M3) | O3: Docente | P3: =IF(AND(H3="si",G3<0.8),"⚠ C5=si ma media <80%",IF(AND(H3="no",G3>=0.8),"⚠ C5=no ma media ≥80%",""))
A4: Angrisano | B4: si | C4: 0.7 | D4: si | E4: no | F4: Angrisano 80% Mocchi 10% | G4: 0.45 | H4: no | I4: =IF(B4="si",Parametri!$C$7/COUNTIF($B$2:$B$33,"si"),0) | J4: =IF(B4="si",Parametri!$C$8*C4/SUMIF($B$2:$B$33,"si",$C$2:$C$33),0) | K4: =IF(D4="si",Parametri!$C$9/COUNTIF($D$2:$D$33,"si"),0) | L4: =IF(E4="si",Parametri!$C$10/COUNTIF($E$2:$E$33,"si"),0) | M4: =IF(H4="si",Parametri!$C$11/COUNTIF($H$2:$H$33,"si"),0) | N4: =SUM(I4:M4) | O4: Docente | P4: =IF(AND(H4="si",G4<0.8),"⚠ C5=si ma media <80%",IF(AND(H4="no",G4>=0.8),"⚠ C5=no ma media ≥80%",""))
A5: Bilotta | B5: si | C5: 0.7 | D5: si | E5: no | F5: Bilotta 80% Vaccaro 5% | G5: 0.425 | H5: no | I5: =IF(B5="si",Parametri!$C$7/COUNTIF($B$2:$B$33,"si"),0) | J5: =IF(B5="si",Parametri!$C$8*C5/SUMIF($B$2:$B$33,"si",$C$2:$C$33),0) | K5: =IF(D5="si",Parametri!$C$9/COUNTIF($D$2:$D$33,"si"),0) | L5: =IF(E5="si",Parametri!$C$10/COUNTIF($E$2:$E$33,"si"),0) | M5: =IF(H5="si",Parametri!$C$11/COUNTIF($H$2:$H$33,"si"),0) | N5: =SUM(I5:M5) | O5: Docente | P5: =IF(AND(H5="si",G5<0.8),"⚠ C5=si ma media <80%",IF(AND(H5="no",G5>=0.8),"⚠ C5=no ma media ≥80%",""))
A6: Cammarota | B6: si | C6: 0.7 | D6: si | E6: si | F6: 90% Cammarota 80% Cantillo. 90% Lo Casto 90% Tarantino 92% Tomatis | G6: 0.884 | H6: si | I6: =IF(B6="si",Parametri!$C$7/COUNTIF($B$2:$B$33,"si"),0) | J6: =IF(B6="si",Parametri!$C$8*C6/SUMIF($B$2:$B$33,"si",$C$2:$C$33),0) | K6: =IF(D6="si",Parametri!$C$9/COUNTIF($D$2:$D$33,"si"),0) | L6: =IF(E6="si",Parametri!$C$10/COUNTIF($E$2:$E$33,"si"),0) | M6: =IF(H6="si",Parametri!$C$11/COUNTIF($H$2:$H$33,"si"),0) | N6: =SUM(I6:M6) | O6: Docente | P6: =IF(AND(H6="si",G6<0.8),"⚠ C5=si ma media <80%",IF(AND(H6="no",G6>=0.8),"⚠ C5=no ma media ≥80%",""))
A7: Capriolo | B7: si | C7: 0.7 | D7: si | E7: no | F7: 80% | G7: 0.8 | H7: si | I7: =IF(B7="si",Parametri!$C$7/COUNTIF($B$2:$B$33,"si"),0) | J7: =IF(B7="si",Parametri!$C$8*C7/SUMIF($B$2:$B$33,"si",$C$2:$C$33),0) | K7: =IF(D7="si",Parametri!$C$9/COUNTIF($D$2:$D$33,"si"),0) | L7: =IF(E7="si",Parametri!$C$10/COUNTIF($E$2:$E$33,"si"),0) | M7: =IF(H7="si",Parametri!$C$11/COUNTIF($H$2:$H$33,"si"),0) | N7: =SUM(I7:M7) | O7: Docente | P7: =IF(AND(H7="si",G7<0.8),"⚠ C5=si ma media <80%",IF(AND(H7="no",G7>=0.8),"⚠ C5=no ma media ≥80%",""))
A8: Dell’Acqua | B8: si | C8: 0.7 | D8: si | E8: no | F8: 90% | G8: 0.9 | H8: si | I8: =IF(B8="si",Parametri!$C$7/COUNTIF($B$2:$B$33,"si"),0) | J8: =IF(B8="si",Parametri!$C$8*C8/SUMIF($B$2:$B$33,"si",$C$2:$C$33),0) | K8: =IF(D8="si",Parametri!$C$9/COUNTIF($D$2:$D$33,"si"),0) | L8: =IF(E8="si",Parametri!$C$10/COUNTIF($E$2:$E$33,"si"),0) | M8: =IF(H8="si",Parametri!$C$11/COUNTIF($H$2:$H$33,"si"),0) | N8: =SUM(I8:M8) | O8: Docente | P8: =IF(AND(H8="si",G8<0.8),"⚠ C5=si ma media <80%",IF(AND(H8="no",G8>=0.8),"⚠ C5=no ma media ≥80%",""))
A9: Fiorillo | B9: si | C9: 0.7 | D9: si | E9: no | F9: 85% Fiorillo (esterno 5% Gagliardi) | G9: 0.85 | H9: si | I9: =IF(B9="si",Parametri!$C$7/COUNTIF($B$2:$B$33,"si"),0) | J9: =IF(B9="si",Parametri!$C$8*C9/SUMIF($B$2:$B$33,"si",$C$2:$C$33),0) | K9: =IF(D9="si",Parametri!$C$9/COUNTIF($D$2:$D$33,"si"),0) | L9: =IF(E9="si",Parametri!$C$10/COUNTIF($E$2:$E$33,"si"),0) | M9: =IF(H9="si",Parametri!$C$11/COUNTIF($H$2:$H$33,"si"),0) | N9: =SUM(I9:M9) | O9: Docente | P9: =IF(AND(H9="si",G9<0.8),"⚠ C5=si ma media <80%",IF(AND(H9="no",G9>=0.8),"⚠ C5=no ma media ≥80%",""))
A10: Galdi | B10: si | C10: 0.7 | D10: si | E10: no | F10: 80% | G10: 0.8 | H10: si | I10: =IF(B10="si",Parametri!$C$7/COUNTIF($B$2:$B$33,"si"),0) | J10: =IF(B10="si",Parametri!$C$8*C10/SUMIF($B$2:$B$33,"si",$C$2:$C$33),0) | K10: =IF(D10="si",Parametri!$C$9/COUNTIF($D$2:$D$33,"si"),0) | L10: =IF(E10="si",Parametri!$C$10/COUNTIF($E$2:$E$33,"si"),0) | M10: =IF(H10="si",Parametri!$C$11/COUNTIF($H$2:$H$33,"si"),0) | N10: =SUM(I10:M10) | O10: Docente | P10: =IF(AND(H10="si",G10<0.8),"⚠ C5=si ma media <80%",IF(AND(H10="no",G10>=0.8),"⚠ C5=no ma media ≥80%",""))
A11: Gin | B11: si | C11: 1 | D11: si | E11: no | F11: 100% | G11: 1 | H11: si | I11: =IF(B11="si",Parametri!$C$7/COUNTIF($B$2:$B$33,"si"),0) | J11: =IF(B11="si",Parametri!$C$8*C11/SUMIF($B$2:$B$33,"si",$C$2:$C$33),0) | K11: =IF(D11="si",Parametri!$C$9/COUNTIF($D$2:$D$33,"si"),0) | L11: =IF(E11="si",Parametri!$C$10/COUNTIF($E$2:$E$33,"si"),0) | M11: =IF(H11="si",Parametri!$C$11/COUNTIF($H$2:$H$33,"si"),0) | N11: =SUM(I11:M11) | O11: Docente | P11: =IF(AND(H11="si",G11<0.8),"⚠ C5=si ma media <80%",IF(AND(H11="no",G11>=0.8),"⚠ C5=no ma media ≥80%",""))
A12: Gorrese | B12: si | C12: 0.7 | D12: si | E12: si | F12: Gorrese 90% Esposito 95% (esterno 5% Girelli) | G12: 0.925 | H12: si | I12: =IF(B12="si",Parametri!$C$7/COUNTIF($B$2:$B$33,"si"),0) | J12: =IF(B12="si",Parametri!$C$8*C12/SUMIF($B$2:$B$33,"si",$C$2:$C$33),0) | K12: =IF(D12="si",Parametri!$C$9/COUNTIF($D$2:$D$33,"si"),0) | L12: =IF(E12="si",Parametri!$C$10/COUNTIF($E$2:$E$33,"si"),0) | M12: =IF(H12="si",Parametri!$C$11/COUNTIF($H$2:$H$33,"si"),0) | N12: =SUM(I12:M12) | O12: Docente | P12: =IF(AND(H12="si",G12<0.8),"⚠ C5=si ma media <80%",IF(AND(H12="no",G12>=0.8),"⚠ C5=no ma media ≥80%",""))
A13: Lambert | B13: si | C13: 0.7 | D13: si | E13: no | F13: 80% | G13: 0.8 | H13: si | I13: =IF(B13="si",Parametri!$C$7/COUNTIF($B$2:$B$33,"si"),0) | J13: =IF(B13="si",Parametri!$C$8*C13/SUMIF($B$2:$B$33,"si",$C$2:$C$33),0) | K13: =IF(D13="si",Parametri!$C$9/COUNTIF($D$2:$D$33,"si"),0) | L13: =IF(E13="si",Parametri!$C$10/COUNTIF($E$2:$E$33,"si"),0) | M13: =IF(H13="si",Parametri!$C$11/COUNTIF($H$2:$H$33,"si"),0) | N13: =SUM(I13:M13) | O13: Docente | P13: =IF(AND(H13="si",G13<0.8),"⚠ C5=si ma media <80%",IF(AND(H13="no",G13>=0.8),"⚠ C5=no ma media ≥80%",""))
... A33: Santaniello | B33: si | C33: 0.7 | D33: si | E33: si | F33: Santaniello 70% Amodio 95% Trotta 35% | G33: 0.66666667 | H33: no | I33: =IF(B33="si",Parametri!$C$7/COUNTIF($B$2:$B$33,"si"),0) | J33: =IF(B33="si",Parametri!$C$8*C33/SUMIF($B$2:$B$33,"si",$C$2:$C$33),0) | K33: =IF(D33="si",Parametri!$C$9/COUNTIF($D$2:$D$33,"si"),0) | L33: =IF(E33="si",Parametri!$C$10/COUNTIF($E$2:$E$33,"si"),0) | M33: =IF(H33="si",Parametri!$C$11/COUNTIF($H$2:$H$33,"si"),0) | N33: =SUM(I33:M33) | O33: FARB Dipartimento | P33: =IF(AND(H33="si",G33<0.8),"⚠ C5=si ma media <80%",IF(AND(H33="no",G33>=0.8),"⚠ C5=no ma media ≥80%",""))
A34: TOTALE progetti | I34: =SUM(I2:I33) | J34: =SUM(J2:J33) | K34: =SUM(K2:K33) | L34: =SUM(L2:L33) | M34: =SUM(M2:M33) | N34: =SUM(N2:N33)
A35: N. progetti con "si" | I35: =COUNTIF($B$2:$B$33,"si") | J35: =SUMIF($B$2:$B$33,"si",$C$2:$C$33) | K35: =COUNTIF($D$2:$D$33,"si") | L35: =COUNTIF($E$2:$E$33,"si") | M35: =COUNTIF($H$2:$H$33,"si")
A36: Quota unitaria (per progetto "si" / per punto di peso) | I36: =Parametri!$C$7/I35 | J36: =Parametri!$C$8/J35 | K36: =Parametri!$C$9/K35 | L36: =Parametri!$C$10/L35 | M36: =Parametri!$C$11/M35
A38: RIEPILOGO
A39: FARB DiSPaC – quota 10% | N39: =Parametri!$C$6
A40: + progetti confluiti (Marino, Santaniello) | N40: =SUMIF($O$2:$O$33,"FARB Dipartimento",$N$2:$N$33)
A41: =FARB DiSPaC complessivo | N41: =N39+N40
A42: Assegnato ai docenti proponenti (30 progetti) | N42: =SUMIF($O$2:$O$33,"Docente",$N$2:$N$33)
A43: TOTALE GENERALE | N43: =N41+N42
A44: Controllo vs totale finanziamento (deve essere 0) | N44: =N43-Parametri!$B$3
A46: Note
A47: Input in blu = trascritti dalla tabella della Commissione (riunione 26.09.2026); le quote si ricalcolano se si cambia un si/no o un peso.
A48: C4: la tabella della Commissione indica solo si/no; qui la quota è divisa in parti uguali. Il Regolamento parla di aggregazione "ponderata dall'impegno": se la Commissione vuole la ponderazione, va definito il criterio.
A49: C4: per raggiungere la soglia dei 3 docenti la Commissione ha contato anche i componenti esterni (Lamberti, Gorrese, Regnoli, Riccio).
A50: C5: la media è calcolata sui soli componenti interni, come ha fatto la Commissione (Fiorillo, Gorrese, Regnoli).
A51: Marino e Santaniello: valutati come gli altri progetti (rientrano nei denominatori); le loro quote vanno al FARB di Dipartimento.
